Water,Protein,Total lipid (fat),"Carbohydrate, by difference","Calcium, Ca","Iron, Fe","Magnesium, Mg","Phosphorus, P","Potassium, K","Sodium, Na","Zinc, Zn","Copper, Cu","Manganese, Mn","Selenium, Se","Vitamin C, total ascorbic acid",Thiamin,Riboflavin,Niacin,Pantothenic acid,Vitamin B-6,"Folate, total",Vitamin B-12,"Vitamin A, RAE",Cholesterol,"Fatty acids, total saturated","Fatty acids, total monounsaturated","Fatty acids, total polyunsaturated"
94.79,1.21,0.32,3.11,16.0,0.37,18.0,38.0,261.0,8.0,0.32,0.053,0.177,0.2,17.9,0.045,0.094,0.451,0.204,0.163,24.0,0.0,10.0,0.0,0.084,0.011,0.091
90.32,1.83,0.22,6.97,37.0,1.03,25.0,38.0,211.0,6.0,0.24,0.069,0.216,0.6,12.2,0.082,0.104,0.734,0.225,0.141,33.0,0.0,35.0,0.0,0.05,0.01,0.113
94.39,1.2,0.2,3.23,77.0,0.31,13.0,29.0,238.0,9.0,0.23,0.036,0.19,0.6,27.0,0.04,0.05,0.4,0.105,0.232,79.0,0.0,16.0,0.0,0.043,0.023,0.072
88.29,0.93,0.24,9.58,33.0,0.3,12.0,35.0,320.0,69.0,0.24,0.045,0.143,0.1,5.9,0.066,0.058,0.983,0.273,0.138,19.0,0.0,835.0,0.0,0.032,0.012,0.102
89.3,2.82,0.37,6.64,47.0,0.73,21.0,66.0,316.0,33.0,0.41,0.049,0.21,2.5,89.2,0.071,0.117,0.639,0.573,0.175,63.0,0.0,31.0,0.0,0.114,0.031,0.112
91.4,2.86,0.39,3.63,99.0,2.71,79.0,49.0,558.0,79.0,0.53,0.13,0.897,1.0,28.1,0.078,0.189,0.724,0.065,0.195,194.0,0.0,469.0,0.0,0.063,0.01,0.165
92.18,1.28,0.1,5.8,40.0,0.47,12.0,26.0,170.0,18.0,0.18,0.019,0.16,0.3,36.6,0.061,0.04,0.234,0.212,0.124,43.0,0.0,5.0,0.0,0.034,0.017,0.017
92.66,1.8,0.2,3.74,51.0,1.8,81.0,46.0,379.0,213.0,0.36,0.179,0.366,0.9,30.0,0.04,0.09,0.4,0.172,0.099,14.0,0.0,306.0,0.0,0.03,0.04,0.07
81.83,0.52,0.15,16.23,417.0,1.8,55.0,7.0,127.0,14.0,0.15,0.138,0.094,0.4,4.0,0.029,0.039,0.162,0.041,0.055,7.0,0.0,2.0,0.0,0.0,0.0,0.0
91.69,2.46,0.33,4.02,215.0,2.32,55.0,50.0,611.0,20.0,0.9,0.162,0.885,0.9,43.3,0.027,0.158,0.658,0.064,0.192,85.0,0.0,146.0,0.0,0.091,0.076,0.147
86.67,0.27,0.13,12.76,5.0,0.07,4.0,11.0,90.0,0.0,0.05,0.031,0.038,0.0,4.0,0.019,0.028,0.091,0.071,0.037,0.0,0.0,2.0,0.0,0.021,0.005,0.037
72.48,5.33,0.29,20.23,10.0,2.57,51.0,174.0,922.0,22.0,0.28,0.171,0.36,0.7,1.1,0.17,0.073,1.65,0.599,0.26,14.0,0.0,0.0,0.0,0.0,0.0,0.0
84.94,3.27,0.15,10.51,44.0,1.28,60.0,90.0,370.0,94.0,0.49,0.231,0.256,0.2,11.7,0.072,0.066,1.046,0.338,0.116,68.0,0.0,1.0,0.0,0.036,0.005,0.064
93.22,2.2,0.12,3.88,24.0,2.14,14.0,52.0,202.0,2.0,0.54,0.189,0.158,2.3,5.6,0.143,0.141,0.978,0.274,0.091,52.0,0.0,38.0,0.0,0.04,0.0,0.05
89.25,5.3,0.69,3.29,84.0,2.04,85.0,99.0,608.0,11.0,0.3,0.201,0.536,0.9,88.0,0.181,0.362,1.11,0.063,0.803,128.0,0.0,87.0,0.0,0.0,0.0,0.0
94.03,1.0,0.17,3.7,19.0,0.43,17.0,31.0,296.0,5.0,0.8,0.034,0.089,0.2,84.0,0.04,0.04,0.4,0.212,0.043,72.0,0.0,24.0,0.0,0.0,0.0,0.0
91.0,2.6,0.3,5.2,13.0,0.5,3.0,59.0,533.0,4.0,1.1,0.19,0.262,0.8,4.0,0.15,0.07,0.6,0.161,0.24,7.0,0.0,1.0,0.0,0.069,0.007,0.134
10.09,9.91,1.16,77.72,29.0,2.5,79.0,221.0,280.0,9.0,2.13,0.42,1.322,37.7,0.0,0.191,0.114,4.604,0.282,0.26,23.0,0.0,1.0,0.0,0.244,0.149,0.56
13.44,19.87,0.53,62.9,66.0,4.98,127.0,381.0,1254.0,5.0,5.04,1.094,1.73,3.1,0.0,0.455,0.22,2.63,1.471,0.351,622.0,0.0,1.0,0.0,0.191,0.05,0.113
11.0,21.25,0.9,63.25,160.0,8.7,160.0,440.0,1500.0,9.0,2.2,1.0,1.0,3.2,0.0,0.9,0.193,1.955,0.899,0.286,444.0,0.0,0.0,0.0,0.232,0.078,0.387
11.02,21.6,1.42,62.36,123.0,5.02,171.0,352.0,1483.0,5.0,3.65,0.841,1.06,3.2,0.0,0.9,0.193,1.955,0.899,0.286,444.0,0.0,0.0,0.0,0.366,0.123,0.61
12.39,23.03,1.23,60.05,127.0,5.0,156.0,372.0,1332.0,6.0,3.63,0.794,0.92,12.7,0.0,0.747,0.213,1.455,0.748,0.309,604.0,0.0,0.0,0.0,0.316,0.106,0.527
10.77,18.81,2.02,64.11,186.0,3.4,188.0,304.0,1316.0,18.0,1.9,0.44,1.2,12.9,4.6,0.535,0.221,2.083,0.789,0.401,399.0,0.0,0.0,0.0,0.221,0.138,1.207
10.7,21.86,1.14,62.37,175.0,5.47,189.0,447.0,1387.0,14.0,2.31,0.837,1.423,12.9,5.3,0.653,0.237,1.955,1.098,0.447,482.0,0.0,0.0,0.0,0.356,0.053,0.477
11.75,23.58,0.83,60.01,143.0,8.2,140.0,407.0,1406.0,24.0,2.79,0.958,1.021,3.2,4.5,0.529,0.219,2.06,0.78,0.397,394.0,0.0,0.0,0.0,0.12,0.064,0.457
11.75,24.37,0.25,59.8,195.0,9.35,160.0,405.0,1490.0,11.0,2.55,1.1,1.0,3.2,4.5,0.529,0.219,2.06,0.78,0.397,394.0,0.0,0.0,0.0,0.036,0.019,0.138
90.7,4.2,0.5,4.1,17.0,0.81,21.0,37.0,187.0,6.0,0.4,0.159,0.182,0.6,38.7,0.37,0.25,2.92,0.368,0.085,59.0,0.0,0.0,0.0,0.072,0.039,0.276
11.75,22.53,1.06,61.29,83.0,6.69,138.0,406.0,1359.0,12.0,2.79,0.699,1.111,3.2,4.5,0.608,0.215,2.11,0.78,0.397,394.0,0.0,0.0,0.0,0.154,0.082,0.586
11.9,25.33,0.45,58.33,131.0,8.7,138.0,406.0,1346.0,13.0,2.66,1.0,1.109,3.2,4.5,0.39,0.24,2.106,0.779,0.396,393.0,0.0,0.0,0.0,0.065,0.035,0.249
12.1,22.33,1.5,60.75,147.0,5.49,175.0,407.0,1185.0,5.0,3.65,0.834,1.418,11.0,0.0,0.775,0.164,2.188,0.744,0.428,364.0,0.0,0.0,0.0,0.17,0.128,0.873
79.15,6.15,0.7,13.05,15.0,1.93,101.0,100.0,307.0,13.0,0.89,0.356,0.408,0.6,18.8,0.39,0.215,1.22,0.825,0.191,132.0,0.0,0.0,0.0,0.085,0.052,0.407
10.06,20.96,1.13,64.19,130.0,6.77,182.0,415.0,1464.0,8.0,2.55,0.81,1.376,13.0,0.0,0.772,0.192,1.892,0.997,0.527,463.0,0.0,0.0,0.0,0.292,0.098,0.487
11.33,21.42,1.23,62.55,113.0,5.07,176.0,411.0,1393.0,12.0,2.28,0.893,1.148,27.9,6.3,0.713,0.212,1.174,0.785,0.474,525.0,0.0,0.0,0.0,0.235,0.229,0.407
81.3,5.25,0.9,11.6,43.0,1.97,53.0,94.0,307.0,153.0,0.5,0.32,0.366,0.6,21.7,0.23,0.175,2.28,0.74,0.171,118.0,0.0,0.0,0.0,0.109,0.067,0.523
11.71,21.11,1.18,62.25,173.0,7.73,183.0,445.0,1542.0,12.0,2.81,0.635,1.278,12.8,0.0,0.743,0.207,1.342,0.729,0.439,386.0,0.0,0.0,0.0,0.304,0.102,0.507
90.27,1.82,0.12,7.13,37.0,1.04,25.0,38.0,209.0,6.0,0.24,0.069,0.214,0.6,16.3,0.084,0.105,0.752,0.094,0.074,37.0,0.0,0.0,0.0,0.026,0.005,0.059
11.32,23.36,0.85,60.27,240.0,10.44,190.0,301.0,1795.0,16.0,3.67,0.984,1.796,12.8,0.0,0.437,0.146,0.479,0.732,0.318,388.0,0.0,0.0,0.0,0.219,0.074,0.364
11.1,22.0,2.6,60.7,166.0,7.01,222.0,488.0,1042.0,12.0,2.83,0.639,1.286,12.8,0.0,0.69,0.33,2.43,0.734,0.442,389.0,0.0,0.0,0.0,0.671,0.226,1.118
91.02,2.2,0.13,4.33,117.0,2.57,70.0,41.0,762.0,226.0,0.38,0.191,0.391,0.9,30.0,0.1,0.22,0.4,0.25,0.106,15.0,0.0,316.0,0.0,0.02,0.026,0.046
87.58,1.61,0.17,9.56,16.0,0.8,23.0,40.0,325.0,78.0,0.35,0.075,0.329,0.7,4.9,0.031,0.04,0.334,0.155,0.067,109.0,0.0,2.0,0.0,0.027,0.032,0.06
93.0,1.8,0.7,3.06,93.0,3.3,52.0,53.0,470.0,80.0,0.2,0.13,0.349,0.9,35.0,0.06,0.15,0.9,0.041,0.084,13.0,0.0,210.0,0.0,0.17,0.211,0.109
10.98,26.12,1.53,58.29,103.0,6.7,192.0,421.0,1062.0,13.0,3.14,0.824,1.626,8.2,1.4,0.555,0.333,2.832,0.976,0.366,423.0,0.0,3.0,0.0,0.254,0.303,0.627
81.0,5.6,0.6,11.7,22.0,1.9,38.0,95.0,250.0,50.0,0.58,0.074,0.32,1.2,33.0,0.17,0.11,1.5,0.086,0.038,96.0,0.0,18.0,0.0,0.138,0.017,0.31
92.55,3.17,0.49,2.85,108.0,2.14,22.0,73.0,196.0,33.0,0.77,0.042,0.395,1.0,20.2,0.162,0.129,1.221,0.322,0.171,83.0,0.0,131.0,0.0,0.083,0.044,0.218
92.55,1.2,0.76,4.67,105.0,0.59,19.0,43.0,274.0,7.0,0.41,0.064,0.0,1.4,29.6,0.1,0.153,0.459,0.0,0.074,104.0,0.0,86.0,0.0,0.116,0.053,0.347
86.0,3.38,0.3,8.95,42.0,1.4,23.0,69.0,389.0,25.0,0.42,0.07,0.337,1.6,85.0,0.139,0.09,0.745,0.309,0.219,61.0,0.0,38.0,0.0,0.062,0.023,0.153
80.09,1.53,0.15,17.34,41.0,0.8,38.0,51.0,308.0,5.0,0.33,0.077,0.232,0.7,3.0,0.01,0.03,0.3,0.321,0.24,23.0,0.0,0.0,0.0,0.025,0.037,0.059
94.5,0.39,0.04,3.61,103.0,0.1,14.0,12.0,655.0,7.0,0.16,0.103,0.274,0.9,31.5,0.02,0.02,0.2,0.032,0.096,10.0,0.0,3.0,0.0,0.0,0.0,0.0
95.32,1.5,0.2,2.18,105.0,0.8,19.0,37.0,252.0,65.0,0.19,0.021,0.159,0.5,45.0,0.04,0.07,0.5,0.088,0.194,66.0,0.0,223.0,0.0,0.027,0.015,0.096
90.39,1.43,0.16,7.37,45.0,0.8,16.0,30.0,243.0,27.0,0.22,0.017,0.243,0.6,57.0,0.064,0.069,0.418,0.147,0.209,18.0,0.0,56.0,0.0,0.021,0.012,0.08
91.0,2.0,0.1,6.1,35.0,0.4,28.0,42.0,230.0,28.0,0.27,0.062,0.18,0.9,31.0,0.07,0.03,0.3,0.187,0.19,80.0,0.0,50.0,0.0,0.013,0.007,0.049
94.0,0.7,0.1,4.07,70.0,0.7,42.0,23.0,400.0,170.0,0.17,0.231,0.256,0.2,2.0,0.02,0.03,0.3,0.338,0.116,68.0,0.0,0.0,0.0,0.011,0.018,0.041
92.07,1.92,0.28,4.97,22.0,0.42,15.0,44.0,299.0,30.0,0.27,0.039,0.155,0.6,48.2,0.05,0.06,0.507,0.667,0.184,57.0,0.0,0.0,0.0,0.13,0.034,0.031
89.79,2.95,0.3,6.09,33.0,0.73,20.0,62.0,300.0,23.0,0.64,0.041,0.247,0.6,88.1,0.08,0.102,0.734,0.696,0.222,57.0,0.0,8.0,0.0,0.047,0.028,0.133
88.0,1.5,0.3,9.2,43.0,0.7,20.0,115.0,300.0,100.0,0.33,0.07,0.158,0.7,8.0,0.05,0.06,0.7,0.352,0.165,8.0,0.0,0.0,0.0,0.079,0.058,0.148
95.43,0.69,0.17,2.97,40.0,0.2,11.0,24.0,260.0,80.0,0.13,0.035,0.103,0.4,3.1,0.021,0.057,0.32,0.246,0.074,36.0,0.0,22.0,0.0,0.042,0.032,0.079
94.24,0.82,0.13,4.51,17.0,0.34,12.0,18.0,125.0,2.0,0.74,0.123,0.189,0.2,7.7,0.025,0.029,0.47,0.249,0.076,93.0,0.0,0.0,0.0,0.028,0.01,0.057
7.68,20.47,6.04,62.95,57.0,4.31,79.0,252.0,718.0,24.0,2.76,0.656,4.15,0.0,4.0,0.477,0.212,1.541,1.588,0.535,557.0,0.0,3.0,0.0,0.603,1.377,2.731
89.62,3.02,0.61,5.42,232.0,0.47,27.0,25.0,213.0,17.0,0.21,0.046,0.658,1.3,35.3,0.054,0.13,0.742,0.267,0.165,129.0,0.0,251.0,0.0,0.055,0.03,0.201
75.96,3.22,1.18,19.02,2.0,0.52,37.0,89.0,270.0,15.0,0.45,0.054,0.161,0.6,6.8,0.2,0.06,1.7,0.76,0.055,46.0,0.0,0.0,0.0,0.182,0.347,0.559
76.05,3.27,1.35,18.7,2.0,0.52,37.0,89.0,270.0,15.0,0.46,0.054,0.163,0.6,6.8,0.155,0.055,1.77,0.717,0.093,42.0,0.0,9.0,0.0,0.325,0.432,0.487
77.2,2.95,0.35,18.83,126.0,1.1,51.0,53.0,431.0,4.0,1.01,0.13,0.56,2.3,2.5,0.11,0.145,1.45,0.151,0.067,168.0,0.0,41.0,0.0,0.09,0.032,0.15
11.05,23.85,2.07,59.64,85.0,9.95,333.0,438.0,1375.0,58.0,6.11,1.059,1.544,9.1,1.5,0.68,0.17,2.795,1.511,0.361,639.0,0.0,2.0,0.0,0.542,0.173,0.889
11.95,23.52,1.26,60.03,110.0,8.27,184.0,424.0,1112.0,16.0,3.37,0.845,1.528,9.0,1.5,0.853,0.226,2.075,1.496,0.357,633.0,0.0,3.0,0.0,0.331,0.106,0.542
89.78,4.1,0.25,4.82,63.0,1.92,43.0,9.0,455.0,7.0,0.29,0.191,0.509,0.9,36.0,0.354,0.175,1.12,0.06,0.177,101.0,0.0,36.0,0.0,0.066,0.022,0.106
86.0,3.3,0.3,9.5,65.0,1.0,58.0,65.0,215.0,4.0,0.34,0.1,0.308,0.9,33.0,0.15,0.14,1.2,0.945,0.173,53.0,0.0,68.0,0.0,0.079,0.027,0.127
89.4,2.6,0.7,5.5,81.0,1.3,38.0,76.0,606.0,14.0,0.23,0.17,0.553,0.9,69.0,0.08,0.26,1.0,0.242,0.247,80.0,0.0,346.0,0.0,0.023,0.239,0.228
85.6,2.7,0.7,9.2,187.0,3.1,36.0,66.0,397.0,76.0,0.41,0.171,0.342,0.5,35.0,0.19,0.26,0.806,0.084,0.251,27.0,0.0,508.0,0.0,0.17,0.014,0.306
93.0,2.0,0.7,3.2,44.0,2.4,103.0,63.0,390.0,4.0,0.2,0.131,0.349,0.9,48.0,0.04,0.1,0.5,0.041,0.122,13.0,0.0,200.0,0.0,0.0,0.0,0.0
78.66,9.4,1.4,8.28,185.0,4.0,42.0,112.0,337.0,9.0,0.6,0.105,1.063,0.9,51.7,0.257,0.66,2.22,0.125,1.2,40.0,0.0,378.0,0.0,0.0,0.0,0.0
88.2,2.1,0.2,8.53,30.0,0.36,45.0,50.0,461.0,42.0,0.45,0.084,0.259,0.7,141.0,0.053,0.074,0.62,0.794,0.12,44.0,0.0,4.0,0.0,0.033,0.102,0.003
93.85,1.2,0.2,4.35,20.0,0.36,14.0,32.0,139.0,3.0,0.07,0.035,0.092,0.2,12.0,0.05,0.06,0.4,0.218,0.043,7.0,0.0,0.0,0.0,0.016,0.037,0.087
95.54,0.62,0.02,3.39,26.0,0.2,11.0,13.0,150.0,2.0,0.7,0.026,0.066,0.2,10.1,0.029,0.022,0.32,0.152,0.04,6.0,0.0,0.0,0.0,0.002,0.004,0.009
80.8,2.55,0.95,14.32,18.0,0.26,22.0,40.0,417.0,2.0,0.23,0.23,0.15,0.6,228.3,0.067,0.04,1.084,0.451,0.11,49.0,0.0,31.0,0.0,0.272,0.087,0.401
9.38,23.9,1.69,60.74,130.0,5.1,283.0,372.0,1235.0,21.0,9.3,1.335,1.573,8.2,0.0,1.13,0.136,1.61,1.237,0.155,23.0,0.0,0.0,0.0,0.288,0.076,0.715
87.87,2.1,0.2,9.19,50.0,0.74,40.0,49.0,252.0,2.0,0.37,0.047,0.205,1.5,12.9,0.077,0.092,0.52,0.055,0.024,62.0,0.0,43.0,0.0,0.088,0.095,0.008
87.72,4.65,0.25,5.8,208.0,4.76,64.0,83.0,559.0,8.0,0.79,0.255,0.123,0.9,37.0,0.133,0.546,1.26,0.072,0.6,123.0,0.0,278.0,0.0,0.038,0.017,0.12
89.63,2.92,1.49,4.42,254.0,1.6,33.0,55.0,348.0,53.0,0.39,0.053,0.92,0.9,93.4,0.113,0.347,1.18,0.37,0.147,62.0,0.0,241.0,0.0,0.178,0.104,0.673
91.0,1.7,0.1,6.2,24.0,0.4,19.0,46.0,350.0,20.0,0.03,0.129,0.139,0.7,62.0,0.05,0.02,0.4,0.165,0.15,16.0,0.0,2.0,0.0,0.013,0.007,0.048
83.0,1.5,0.3,14.15,59.0,2.1,28.0,35.0,180.0,20.0,0.12,0.12,0.481,1.0,12.0,0.06,0.03,0.4,0.14,0.233,64.0,0.0,83.0,0.0,0.04,0.004,0.166
8.26,24.63,1.06,63.35,35.0,6.51,47.0,281.0,677.0,6.0,3.27,0.754,1.393,0.1,4.5,0.873,0.211,2.605,2.14,0.54,479.0,0.0,2.0,0.0,0.154,0.193,0.526
67.34,8.96,0.55,22.14,25.0,3.21,37.0,173.0,322.0,11.0,1.51,0.352,0.506,0.6,16.5,0.228,0.128,1.128,0.578,0.19,100.0,0.0,2.0,0.0,0.057,0.104,0.219
70.24,6.84,0.86,20.17,34.0,3.14,58.0,136.0,467.0,8.0,0.78,0.318,1.215,1.8,23.4,0.217,0.103,1.474,0.247,0.204,34.0,0.0,10.0,0.0,0.198,0.05,0.419
10.17,21.46,0.69,63.38,81.0,7.51,224.0,385.0,1724.0,18.0,2.83,0.74,1.672,7.2,0.0,0.507,0.202,1.537,1.355,0.512,395.0,0.0,0.0,0.0,0.161,0.062,0.309
12.07,20.62,0.93,62.83,81.0,6.19,188.0,370.0,1403.0,13.0,2.6,0.665,1.686,7.0,0.0,0.574,0.218,1.712,1.265,0.327,400.0,0.0,0.0,0.0,0.219,0.084,0.42
79.1,2.6,0.1,17.23,45.0,1.16,23.0,100.0,556.0,40.0,0.39,0.257,0.261,0.7,44.0,0.16,0.22,0.4,0.377,0.258,13.0,0.0,0.0,0.0,0.03,0.02,0.02
10.44,36.17,9.74,40.37,176.0,4.36,198.0,440.0,1013.0,15.0,4.75,1.022,2.382,8.2,4.8,0.64,0.22,2.19,0.75,0.357,355.0,0.0,0.0,0.0,1.156,3.94,2.439
8.67,11.02,4.22,72.85,8.0,3.01,114.0,285.0,195.0,5.0,1.68,0.75,1.632,2.7,0.0,0.421,0.29,4.72,0.848,0.384,85.0,0.0,0.0,0.0,0.723,0.773,2.134
9.68,22.94,1.61,61.52,150.0,10.85,381.0,489.0,1191.0,30.0,1.92,0.688,1.82,8.2,4.0,0.562,0.091,2.8,1.535,0.366,649.0,0.0,2.0,0.0,0.364,0.129,0.75
81.44,1.34,0.1,16.3,26.0,0.44,12.0,34.0,418.0,13.0,0.27,0.11,0.242,0.7,2.6,0.102,0.019,0.481,0.433,0.179,14.0,0.0,0.0,0.0,0.022,0.004,0.045
9.05,23.86,1.15,62.62,132.0,6.74,189.0,367.0,1246.0,15.0,2.68,0.941,1.035,8.2,4.8,0.621,0.233,2.251,1.91,0.382,625.0,0.0,6.0,0.0,0.348,0.161,0.384
90.4,3.04,0.18,5.94,13.0,0.91,21.0,54.0,149.0,6.0,0.41,0.164,0.188,0.6,13.2,0.084,0.124,0.749,0.38,0.088,61.0,0.0,1.0,0.0,0.046,0.022,0.058
10.8,25.21,1.64,58.99,138.0,7.57,267.0,379.0,983.0,38.0,3.35,0.981,1.527,8.2,0.0,0.273,0.254,1.447,0.906,0.281,216.0,0.0,1.0,0.0,0.114,0.085,1.071
89.74,2.24,0.49,6.79,2.0,0.41,20.0,112.0,304.0,9.0,1.03,0.142,0.23,5.7,0.0,0.015,0.217,3.877,1.5,0.293,13.0,0.0,0.0,0.0,0.0,0.0,0.0
92.45,3.09,0.34,3.26,3.0,0.5,9.0,86.0,318.0,5.0,0.52,0.318,0.047,9.3,2.1,0.081,0.402,3.607,1.497,0.104,17.0,0.04,0.0,0.0,0.05,0.0,0.16
90.7,2.86,0.42,4.67,115.0,1.64,32.0,58.0,384.0,20.0,0.25,0.165,0.0,0.9,70.0,0.08,0.11,0.8,0.21,0.18,12.0,0.0,151.0,0.0,0.01,0.092,0.038
92.2,2.2,0.3,3.9,210.0,1.5,11.0,28.0,449.0,21.0,0.17,0.075,0.407,0.8,130.0,0.068,0.093,0.678,0.178,0.153,159.0,0.0,495.0,0.0,0.015,0.138,0.057
94.0,1.5,0.2,2.5,58.0,0.8,39.0,28.0,130.0,130.0,0.38,0.093,0.639,0.7,30.0,0.04,0.13,0.5,0.312,0.304,15.0,0.0,0.0,0.0,0.032,0.005,0.084
6.88,14.38,0.71,74.62,35.0,2.7,95.0,254.0,252.0,792.0,1.71,0.23,1.291,0.0,0.0,0.48,0.13,3.21,0.954,0.24,60.0,0.0,0.0,0.0,0.136,0.185,0.22
9.21,11.35,0.81,74.1,23.0,1.32,28.0,80.0,164.0,1840.0,0.45,0.144,0.479,8.3,0.0,0.101,0.026,0.875,0.491,0.05,14.0,0.0,0.0,0.0,0.115,0.095,0.33
94.12,1.32,0.09,3.33,164.0,0.59,52.0,16.0,257.0,21.0,0.25,0.052,0.457,0.7,9.3,0.012,0.041,0.41,0.167,0.07,3.0,0.0,23.0,0.0,0.016,0.018,0.05
43.95,4.2,1.11,49.07,18.0,1.41,84.0,96.0,447.0,3.0,0.87,0.363,1.601,0.0,36.0,0.16,0.18,0.8,0.555,0.41,68.0,0.0,10.0,0.0,0.164,0.581,0.288
52.0,1.63,1.25,44.17,19.0,0.94,30.0,38.0,484.0,2.0,0.49,0.418,0.336,0.0,40.2,0.144,0.016,1.102,0.476,0.352,58.0,0.0,1.0,0.0,0.235,0.43,0.493
61.41,2.25,0.53,34.91,31.0,1.45,49.0,72.0,329.0,14.0,1.1,0.562,1.591,0.0,26.3,0.344,0.163,1.5,0.206,0.283,47.0,0.0,2.0,0.0,0.078,0.278,0.138
6.55,17.3,7.03,66.22,58.0,5.41,235.0,734.0,566.0,4.0,3.11,0.403,5.63,45.2,0.0,1.17,0.22,0.934,1.494,0.165,52.0,0.0,0.0,0.0,1.328,2.376,2.766
89.58,1.93,0.19,7.45,82.0,0.62,57.0,61.0,299.0,7.0,0.58,0.109,0.788,0.7,23.0,0.2,0.06,1.0,0.245,0.215,60.0,0.0,36.0,0.0,0.026,0.017,0.027
89.11,1.1,0.1,9.34,23.0,0.21,10.0,29.0,146.0,4.0,0.17,0.039,0.129,0.5,7.4,0.046,0.027,0.116,0.123,0.12,19.0,0.0,0.0,0.0,0.042,0.013,0.017
79.53,1.2,0.3,17.99,36.0,0.59,29.0,71.0,375.0,10.0,0.59,0.12,0.56,1.8,17.0,0.09,0.05,0.7,0.6,0.09,67.0,0.0,0.0,0.0,0.05,0.112,0.047
9.9,13.04,1.51,74.67,21.0,3.3,53.0,189.0,223.0,6.0,1.41,0.289,0.917,63.2,0.0,0.891,0.4,7.177,0.431,0.142,237.0,0.0,0.0,0.0,0.277,0.171,0.564
9.9,13.04,1.51,74.67,21.0,1.3,53.0,189.0,223.0,6.0,1.41,0.289,0.917,63.2,0.0,0.09,0.06,1.7,0.431,0.142,18.0,0.0,0.0,0.0,0.277,0.171,0.564
31.0,11.31,2.3,54.73,15.0,3.35,46.0,163.0,179.0,26.0,1.22,0.228,0.547,0.0,0.0,0.705,0.439,3.35,0.535,0.093,176.0,0.31,14.0,73.0,0.328,0.271,0.942
30.1,11.26,2.1,55.72,43.0,3.3,63.0,148.0,272.0,27.0,1.4,0.197,0.781,0.0,0.0,0.609,0.398,3.46,0.688,0.315,177.0,0.31,25.0,73.0,0.483,0.659,0.467
10.0,7.46,2.08,79.26,4.0,0.93,119.0,253.0,294.0,3.0,1.79,0.202,0.483,7.9,0.0,0.231,0.087,2.43,0.484,0.206,25.0,0.0,9.0,0.0,0.29,0.543,0.924
8.85,13.51,2.68,73.1,27.0,3.33,104.0,287.0,366.0,11.0,2.4,0.426,2.242,69.4,0.0,0.371,0.193,7.948,0.8,0.28,59.0,0.0,0.0,0.0,0.351,0.281,0.928
88.89,2.8,0.2,7.55,43.0,2.08,24.0,53.0,200.0,4.0,0.27,0.079,0.244,0.7,60.0,0.15,0.08,0.6,0.75,0.16,42.0,0.0,54.0,0.0,0.039,0.021,0.089
78.86,5.42,0.4,14.45,25.0,1.47,33.0,108.0,244.0,5.0,1.24,0.176,0.41,1.8,40.0,0.266,0.132,2.09,0.104,0.169,65.0,0.0,38.0,0.0,0.071,0.035,0.187
62.27,8.8,0.68,27.11,36.0,2.26,56.0,165.0,381.0,20.0,1.05,0.272,0.438,0.6,10.4,0.225,0.155,3.088,1.029,0.265,144.0,0.0,0.0,0.0,0.124,0.061,0.326
8.69,23.12,3.89,61.63,46.0,4.73,63.0,334.0,852.0,5.0,3.49,0.809,1.19,10.7,1.8,0.719,0.244,3.608,0.962,0.14,15.0,0.0,7.0,0.0,0.408,0.615,1.022
93.89,0.86,0.17,4.64,10.0,0.34,10.0,20.0,175.0,3.0,0.13,0.066,0.122,0.0,80.4,0.057,0.028,0.48,0.099,0.224,10.0,0.0,18.0,0.0,0.058,0.008,0.062
92.21,0.99,0.3,6.03,7.0,0.43,12.0,26.0,211.0,4.0,0.25,0.017,0.112,0.1,127.7,0.054,0.085,0.979,0.317,0.291,46.0,0.0,157.0,0.0,0.059,0.007,0.156
10.59,21.7,1.49,62.78,130.0,5.23,183.0,367.0,1392.0,17.0,2.76,1.057,1.791,8.2,0.0,0.643,0.187,2.965,1.266,0.283,456.0,0.0,1.0,0.0,0.33,0.012,0.814
65.88,7.2,1.64,23.88,42.0,1.6,68.0,127.0,552.0,5.0,1.04,0.134,0.574,1.5,39.0,0.4,0.17,2.2,0.68,0.068,173.0,0.0,3.0,0.0,0.354,0.013,0.873
61.1,1.25,0.07,36.66,2.0,0.75,41.0,31.0,431.0,2.0,0.18,0.116,0.109,0.0,20.2,0.1,0.1,0.55,0.53,0.07,28.0,0.0,0.0,0.0,0.121,0.019,0.031
91.6,2.6,0.4,3.7,53.0,1.7,18.0,44.0,242.0,23.0,0.24,0.157,0.418,0.9,136.0,0.08,0.33,1.2,0.049,0.146,16.0,0.0,435.0,0.0,0.0,0.0,0.0
79.25,2.05,0.09,17.49,12.0,0.81,23.0,57.0,425.0,6.0,0.3,0.11,0.153,0.4,19.7,0.081,0.032,1.061,0.295,0.298,15.0,0.0,0.0,0.0,0.025,0.002,0.042
83.29,2.57,0.1,12.44,30.0,3.24,23.0,38.0,413.0,10.0,0.35,0.423,0.602,0.3,11.4,0.021,0.038,1.033,0.302,0.239,17.0,0.0,0.0,0.0,0.026,0.002,0.043
60.69,2.62,0.36,35.67,130.0,1.27,63.0,31.0,156.0,5.0,0.37,0.053,0.266,14.7,5.5,0.178,0.09,1.071,0.0,0.47,10.0,0.0,0.0,0.0,0.0,0.0,0.0
95.15,1.03,0.07,3.28,39.0,0.7,24.0,49.0,173.0,5.0,0.0,0.0,0.0,0.7,28.0,0.042,0.075,0.69,0.0,0.0,59.0,0.0,97.0,0.0,0.036,0.009,0.004
92.88,3.15,0.4,2.33,39.0,2.22,38.0,104.0,436.0,11.0,0.2,0.133,0.355,0.9,11.0,0.094,0.128,0.92,0.042,0.207,36.0,0.0,97.0,0.0,0.207,0.052,0.022
91.6,1.0,0.1,6.5,21.0,0.8,12.0,44.0,340.0,1.0,0.32,0.127,0.125,0.3,9.0,0.05,0.11,0.6,0.298,0.061,16.0,0.0,426.0,0.0,0.052,0.013,0.005
92.86,2.03,0.36,3.39,65.0,1.99,68.0,44.0,494.0,45.0,0.17,0.113,0.303,0.9,21.0,0.047,0.112,0.48,0.036,0.073,12.0,0.0,0.0,0.0,0.0,0.0,0.0
13.28,14.12,6.07,64.16,47.0,4.57,197.0,457.0,563.0,5.0,3.1,0.59,2.033,8.5,0.0,0.36,0.318,1.52,0.772,0.487,184.0,0.0,1.0,0.0,0.706,1.613,3.292
94.62,0.6,0.1,4.1,27.0,0.4,16.0,23.0,227.0,21.0,0.15,0.115,0.038,0.7,22.0,0.02,0.02,0.2,0.138,0.046,28.0,0.0,0.0,0.0,0.03,0.017,0.045
11.91,5.95,0.56,80.18,18.0,0.7,12.0,153.0,30.0,182.0,0.74,0.078,0.498,15.1,0.0,0.031,0.017,0.221,0.051,0.015,3.0,0.0,0.0,0.0,0.153,0.175,0.15
11.8,7.54,3.2,76.25,9.0,1.29,116.0,311.0,250.0,5.0,2.13,0.302,2.853,17.1,0.0,0.541,0.095,6.494,1.065,0.477,23.0,0.0,0.0,0.0,0.591,1.054,1.0
12.37,7.5,2.68,76.17,33.0,1.8,143.0,264.0,268.0,4.0,2.02,0.277,3.743,0.0,0.0,0.413,0.043,4.308,1.493,0.509,20.0,0.0,0.0,0.0,0.536,0.971,0.959
9.82,7.6,2.75,78.68,8.0,1.16,98.0,275.0,219.0,6.0,1.96,0.327,2.975,25.2,0.0,0.277,0.092,4.973,0.895,0.407,14.0,0.0,0.0,0.0,0.481,1.024,0.841
89.43,1.08,0.16,8.62,43.0,0.44,20.0,53.0,305.0,12.0,0.24,0.032,0.131,0.7,25.0,0.09,0.04,0.7,0.16,0.1,21.0,0.0,0.0,0.0,0.027,0.025,0.088
77.0,3.3,0.2,18.6,60.0,0.7,23.0,75.0,380.0,20.0,0.38,0.089,0.268,0.8,8.0,0.08,0.22,0.5,0.371,0.277,26.0,0.0,0.0,0.0,0.0,0.0,0.0
56.27,7.4,5.59,29.24,36.0,3.67,54.0,175.0,941.0,25.0,0.9,1.148,0.142,0.0,6.6,0.482,0.301,0.438,0.877,0.32,53.0,0.0,13.0,0.0,1.509,0.712,2.977
91.58,1.28,0.04,6.73,19.0,0.84,12.0,30.0,184.0,15.0,0.0,0.0,0.0,0.9,73.0,0.083,0.081,0.43,0.0,0.0,102.0,0.0,0.0,0.0,0.0,0.0,0.0
67.5,12.95,6.8,11.05,197.0,3.55,65.0,194.0,620.0,15.0,0.99,0.128,0.547,1.5,29.0,0.435,0.175,1.65,0.147,0.065,165.0,0.0,9.0,0.0,0.786,1.284,3.2
8.54,36.49,19.94,30.16,277.0,15.7,280.0,704.0,1797.0,2.0,4.89,1.658,2.517,17.8,6.0,0.874,0.87,1.623,0.793,0.377,375.0,0.0,1.0,0.0,2.884,4.404,11.255
69.05,13.09,6.7,9.57,67.0,2.1,72.0,164.0,484.0,14.0,1.17,0.427,0.702,0.6,15.3,0.34,0.118,1.148,0.929,0.176,172.0,0.0,1.0,0.0,0.929,1.518,3.783
9.23,21.78,2.23,65.65,39.0,4.15,65.0,163.0,201.0,8.0,1.79,0.278,0.91,0.0,0.0,1.187,0.475,7.654,0.684,0.178,278.0,0.0,0.0,0.0,0.328,0.271,0.986
8.34,13.35,1.57,74.81,58.0,2.13,174.0,332.0,376.0,36.0,2.76,0.499,2.645,63.5,0.0,0.373,0.196,4.55,1.214,0.323,48.0,0.0,23.0,0.0,0.226,0.181,0.641
11.02,14.57,2.43,70.19,27.0,4.44,136.0,401.0,388.0,8.0,3.28,0.511,2.983,11.7,0.0,0.364,0.113,6.843,1.068,0.23,45.0,0.0,0.0,0.0,0.406,0.445,1.258
93.35,0.52,0.2,5.64,9.0,0.17,10.0,12.0,205.0,20.0,0.07,0.017,0.027,0.0,4.5,0.02,0.02,0.17,0.11,0.058,22.0,0.0,0.0,0.0,0.0,0.0,0.0
94.64,1.21,0.18,3.35,15.0,0.35,17.0,38.0,262.0,2.0,0.29,0.051,0.175,0.2,17.0,0.048,0.142,0.487,0.155,0.218,29.0,0.0,10.0,0.0,0.044,0.016,0.089
94.28,1.01,0.27,3.88,21.0,0.44,20.0,32.0,222.0,2.0,0.29,0.092,0.172,0.2,19.3,0.051,0.041,0.448,0.16,0.104,19.0,0.0,8.0,0.0,0.093,0.013,0.082
94.18,1.2,0.2,3.84,19.0,0.4,23.0,36.0,182.0,1.0,0.29,0.102,0.157,0.2,18.0,0.07,0.03,0.6,0.102,0.109,30.0,0.0,11.0,0.0,0.041,0.015,0.084
87.78,0.8,0.1,10.42,33.0,0.7,32.0,36.0,347.0,3.0,0.13,0.065,0.167,0.5,11.0,0.14,0.01,0.7,0.4,0.154,17.0,0.0,18.0,0.0,0.021,0.007,0.042
89.76,0.95,0.13,8.59,28.0,0.58,14.0,23.0,350.0,4.0,0.21,0.071,0.163,0.4,12.3,0.03,0.062,0.5,0.188,0.156,24.0,0.0,68.0,0.0,0.027,0.01,0.056
86.41,1.0,0.1,11.69,48.0,0.7,34.0,33.0,352.0,4.0,0.15,0.072,0.202,0.5,21.0,0.1,0.02,1.2,0.4,0.154,27.0,0.0,532.0,0.0,0.021,0.007,0.042
88.0,2.0,0.5,8.7,14.0,0.4,19.0,21.0,320.0,7.0,0.13,0.064,0.179,0.5,11.0,0.07,0.04,0.5,0.4,0.154,16.0,0.0,68.0,0.0,0.103,0.037,0.21
91.6,0.64,0.57,6.91,23.0,0.31,12.0,12.0,108.0,17.0,0.19,0.037,0.125,0.3,2.1,0.037,0.018,0.95,0.36,0.101,12.0,0.0,6.0,0.0,0.117,0.042,0.239
73.1,5.03,1.02,19.59,18.0,1.83,48.0,113.0,369.0,4.0,0.61,0.186,0.688,0.6,15.1,0.208,0.082,1.587,0.128,0.13,40.0,0.0,15.0,0.0,0.19,0.198,0.489
86.81,2.49,0.51,8.82,78.0,0.97,70.0,81.0,508.0,6.0,0.0,0.0,0.0,0.9,11.0,0.156,0.345,1.13,0.225,0.19,0.0,0.0,189.0,0.0,0.111,0.02,0.228
77.28,1.57,0.05,20.12,30.0,0.61,25.0,47.0,337.0,55.0,0.3,0.151,0.258,0.6,2.4,0.078,0.061,0.557,0.8,0.209,11.0,0.0,709.0,0.0,0.018,0.001,0.014
85.66,4.98,0.74,6.7,107.0,2.25,45.0,60.0,648.0,3.0,0.41,0.27,0.714,0.9,52.0,0.209,0.456,1.513,0.084,0.146,126.0,0.0,241.0,0.0,0.151,0.06,0.307
95.82,0.92,0.09,2.32,12.0,0.6,8.0,28.0,332.0,1.0,0.51,0.088,0.122,0.9,21.0,0.04,0.05,0.8,0.075,0.111,3.0,0.0,3.0,0.0,0.018,0.007,0.037
70.64,1.5,0.2,26.46,43.0,0.55,33.0,84.0,591.0,11.0,0.23,0.172,0.383,0.7,4.5,0.095,0.025,0.6,0.303,0.283,22.0,0.0,4.0,0.0,0.041,0.016,0.083
87.96,2.79,0.97,6.91,129.0,1.3,47.0,45.0,606.0,50.0,0.09,0.071,0.157,0.7,96.0,0.062,0.244,0.995,0.124,0.116,9.0,0.0,102.0,0.0,0.197,0.078,0.4
8.82,13.3,2.38,73.13,180.0,7.63,184.0,429.0,427.0,12.0,3.63,0.81,9.24,4.4,0.0,0.39,0.27,3.363,0.942,0.482,0.0,0.0,0.0,0.0,0.449,0.589,1.071
59.65,20.29,10.8,7.64,111.0,2.7,81.0,266.0,412.0,9.0,1.14,0.56,1.3,0.0,0.0,0.078,0.358,2.64,0.278,0.215,24.0,0.08,0.0,0.0,2.539,3.205,4.3
94.52,0.88,0.2,3.89,10.0,0.27,11.0,24.0,237.0,5.0,0.17,0.059,0.114,0.0,13.7,0.037,0.019,0.594,0.089,0.08,15.0,0.0,42.0,0.0,0.028,0.031,0.083
89.67,1.5,0.3,7.13,190.0,1.1,31.0,42.0,296.0,40.0,0.19,0.35,0.466,1.2,60.0,0.07,0.1,0.6,0.38,0.263,194.0,0.0,579.0,0.0,0.07,0.02,0.12
91.87,0.9,0.1,6.43,30.0,0.3,11.0,27.0,191.0,67.0,0.27,0.085,0.134,0.7,21.0,0.04,0.03,0.4,0.2,0.09,15.0,0.0,0.0,0.0,0.011,0.006,0.053
92.47,2.6,0.2,3.13,77.0,1.67,71.0,39.0,312.0,113.0,0.18,0.023,0.16,0.9,55.0,0.03,0.1,0.9,0.141,0.096,57.0,0.0,315.0,0.0,0.0,0.0,0.0
96.1,0.4,0.2,3.0,19.0,0.4,10.0,19.0,6.0,111.0,0.61,0.023,0.058,0.2,13.0,0.04,0.11,0.4,0.133,0.035,5.0,0.0,0.0,0.0,0.016,0.037,0.087
11.07,14.54,2.13,70.58,22.0,3.77,130.0,364.0,403.0,5.0,3.68,0.506,2.735,81.5,0.0,0.566,0.184,6.375,0.949,0.259,0.0,0.0,1.0,0.0,0.196,0.213,0.621
7.76,14.73,1.08,74.9,21.0,1.96,177.0,433.0,427.0,7.0,5.96,0.524,1.329,2.8,0.0,0.115,0.262,6.733,1.074,0.391,95.0,0.0,1.0,0.0,0.156,0.159,0.676
87.04,6.95,0.87,4.31,84.0,1.5,34.0,37.0,223.0,4.0,0.39,0.051,0.218,1.5,18.3,0.14,0.1,0.9,0.059,0.113,66.0,0.0,0.0,0.0,0.238,0.25,0.186
8.34,29.65,16.32,41.71,440.0,13.44,179.0,451.0,977.0,38.0,4.48,2.88,3.721,8.2,0.0,1.03,0.45,3.09,0.795,0.175,45.0,0.0,0.0,0.0,2.303,6.012,4.33
69.6,1.53,0.17,27.88,17.0,0.54,21.0,55.0,816.0,9.0,0.24,0.178,0.397,0.7,17.1,0.112,0.032,0.552,0.314,0.293,23.0,0.0,7.0,0.0,0.037,0.006,0.076
90.07,0.72,0.09,8.82,12.0,0.6,12.0,18.0,150.0,4.0,0.16,0.048,0.06,0.7,20.2,0.02,0.029,0.2,0.135,0.042,12.0,0.0,1.0,0.0,0.021,0.005,0.043
87.85,2.8,0.4,8.35,50.0,0.47,44.0,59.0,240.0,4.0,0.37,0.048,0.205,1.5,18.8,0.107,0.11,0.41,0.055,0.024,62.0,0.0,43.0,0.0,0.105,0.036,0.169
8.43,24.33,1.31,61.91,138.0,8.61,338.0,559.0,1157.0,17.0,3.5,0.879,1.59,8.2,1.6,0.887,0.235,2.158,1.556,0.371,658.0,0.0,3.0,0.0,0.339,0.114,0.565
